Velocity (cm/s),Time (ms),Force (10bit ADC),Potentiometer (10bit ADC)
-8.0,552.0,0,798
0.0,577.0,0,799
0.0,604.0,0,798
0.0,628.0,0,798
0.0,657.0,0,798
0.0,684.0,0,799
0.0,708.0,0,798
0.0,735.0,0,798
0.0,761.0,0,798
0.0,786.0,0,798
0.0,813.0,0,798
0.0,837.0,0,799
0.0,864.0,0,798
0.0,888.0,0,798
0.0,915.0,0,799
0.0,940.0,0,798
0.0,966.0,0,799
0.0,991.0,0,799
0.0,1017.0,0,798
0.0,1044.0,0,799
0.0,1071.0,0,798
0.0,1097.0,0,798
0.0,1124.0,0,799
0.0,1153.0,0,798
0.0,1179.0,0,798
0.0,1206.0,0,799
0.0,1232.0,0,798
0.0,1259.0,0,798
0.0,1286.0,0,799
0.0,1312.0,0,798
0.0,1339.0,0,799
0.0,1366.0,0,798
0.0,1394.0,0,798
0.0,1421.0,0,798
0.0,1447.0,0,798
0.0,1476.0,0,798
0.0,1505.0,0,799
0.0,1531.0,0,798
0.0,1558.0,0,798
0.0,1585.0,1,799
0.0,1611.0,0,798
0.0,1640.0,0,799
0.0,1667.0,0,799
0.0,1693.0,0,798
0.0,1728.0,0,798
0.0,1755.0,0,798
0.0,1783.0,0,798
0.0,1810.0,0,798
0.0,1837.0,0,798
0.0,1863.0,0,798
-8.0,2162.0,0,798
-8.0,2191.0,0,799
-8.0,2220.0,313,798
-8.0,2250.0,460,796
-8.0,2279.0,518,793
-8.0,2564.0,527,773
-8.0,2592.0,533,774
-8.0,2623.0,551,772
-8.0,2654.0,553,771
-8.0,2682.0,549,770
-8.0,2977.0,505,759
-8.0,3006.0,505,759
-8.0,3033.0,502,758
-8.0,3061.0,498,757
-8.0,3090.0,499,756
-8.0,3375.0,511,748
-8.0,3405.0,526,749
-8.0,3434.0,503,748
-8.0,3465.0,503,747
-8.0,3493.0,499,747
-8.0,3526.0,477,748
-8.0,3790.0,490,751
-8.0,3819.0,482,751
-8.0,3848.0,482,752
-8.0,3878.0,495,753
-8.0,3909.0,496,754
-8.0,4157.0,507,763
-8.0,4186.0,510,765
-8.0,4216.0,509,766
-8.0,4245.0,504,766
-8.0,4276.0,519,767
-8.0,4304.0,528,769
-8.0,4519.0,523,776
-8.0,4550.0,532,776
-8.0,4581.0,524,778
-8.0,4612.0,528,778
-8.0,4640.0,521,779
-8.0,4671.0,479,779
0.0,4851.0,23,782
0.0,4876.0,0,782
0.0,4902.0,0,783
0.0,4929.0,0,782
0.0,4956.0,1,782
0.0,4982.0,0,783
0.0,5175.0,0,783
0.0,5201.0,0,783
0.0,5230.0,0,784
0.0,5257.0,0,783
0.0,5281.0,0,783
0.0,5519.0,0,784
0.0,5545.0,0,784
0.0,5574.0,0,784
0.0,5601.0,0,784
0.0,5627.0,0,784
0.0,5654.0,0,783
0.0,5844.0,0,784
0.0,5871.0,0,784
0.0,5898.0,0,784
0.0,5924.0,0,784
0.0,5951.0,0,783
0.0,6176.0,0,785
-8.0,6203.0,0,785
-8.0,6230.0,0,785
-8.0,6256.0,0,784
-8.0,6283.0,0,785
-8.0,6502.0,0,784
-8.0,6529.0,0,785
-8.0,6557.0,0,785
-8.0,6584.0,0,786
-8.0,6610.0,0,784
-8.0,6639.0,0,785
-8.0,6840.0,0,785
-8.0,6868.0,0,785
-8.0,6895.0,0,786
-8.0,6922.0,0,786
-8.0,6948.0,0,786
-8.0,7186.0,0,786
-8.0,7215.0,0,785
-8.0,7241.0,0,786
-8.0,7268.0,0,786
-8.0,7297.0,0,786
-8.0,7512.0,0,786
-8.0,7540.0,0,786
-8.0,7567.0,0,785
-8.0,7593.0,0,784
-8.0,7622.0,0,784
-8.0,7651.0,0,783
-8.0,7849.0,0,778
-8.0,7876.0,0,778
-8.0,7905.0,0,778
-8.0,7931.0,0,778
-8.0,7960.0,313,777
-8.0,8179.0,0,776
-8.0,8206.0,13,777
-8.0,8239.0,390,777
-8.0,8267.0,404,777
-8.0,8296.0,401,777
-8.0,8509.0,248,777
-8.0,8538.0,374,777
-8.0,8568.0,532,777
-8.0,8597.0,534,776
-8.0,8628.0,511,776
-8.0,8845.0,540,772
0.0,8876.0,562,771
0.0,8902.0,557,769
0.0,8931.0,458,768
0.0,8960.0,367,768
0.0,9177.0,0,766
0.0,9203.0,0,765
0.0,9230.0,0,765
0.0,9254.0,0,765
0.0,9281.0,0,765
0.0,9504.0,0,765
0.0,9531.0,0,765
0.0,9558.0,0,765
0.0,9584.0,0,764
0.0,9611.0,0,764
0.0,9846.0,0,765
0.0,9871.0,0,765
0.0,9900.0,0,765
0.0,9926.0,0,765
0.0,9953.0,0,765
0.0,10174.0,0,764
0.0,10201.0,0,764
0.0,10229.0,0,764
0.0,10256.0,0,764
0.0,10287.0,0,765
-8.0,10502.0,0,765
-8.0,10530.0,0,765
-8.0,10557.0,0,764
-8.0,10586.0,0,765
-8.0,10614.0,0,765
-8.0,10840.0,0,765
-8.0,10868.0,0,765
-8.0,10899.0,0,765
-8.0,10928.0,0,766
-8.0,10956.0,0,765
-8.0,11175.0,539,744
-8.0,11206.0,546,740
-8.0,11237.0,556,737
-8.0,11268.0,550,735
-8.0,11300.0,575,733
-8.0,11517.0,593,729
-8.0,11548.0,579,727
-8.0,11579.0,582,727
-8.0,11610.0,587,727
0.0,11640.0,594,727
0.0,11872.0,291,727
0.0,11902.0,260,727
0.0,11931.0,211,727
0.0,11962.0,136,726
0.0,11993.0,113,727
0.0,12214.0,0,727
0.0,12240.0,0,727
0.0,12269.0,0,727
0.0,12298.0,0,727
0.0,12326.0,0,727
0.0,12539.0,0,727
0.0,12566.0,0,727
0.0,12595.0,0,728
0.0,12621.0,0,727
0.0,12648.0,0,728
0.0,12969.0,0,727
0.0,12998.0,0,728
0.0,13025.0,0,727
0.0,13051.0,0,728
0.0,13080.0,0,728
-8.0,13352.0,0,727
-8.0,13383.0,0,727
-8.0,13412.0,0,727
-8.0,13441.0,0,728
-8.0,13469.0,0,728
-8.0,13727.0,0,728
-8.0,13756.0,0,728
-8.0,13785.0,0,728
-8.0,13815.0,231,728
-8.0,13846.0,422,728
-8.0,14084.0,575,726
-8.0,14114.0,569,726
-8.0,14147.0,577,726
-8.0,14178.0,584,726
-8.0,14209.0,583,725
-8.0,14241.0,589,726
0.0,14450.0,571,726
0.0,14483.0,566,725
0.0,14514.0,555,725
0.0,14544.0,561,725
0.0,14573.0,560,725
0.0,14604.0,563,725
0.0,14823.0,472,725
0.0,14854.0,447,726
0.0,14882.0,417,725
0.0,14913.0,413,725
0.0,14942.0,420,726
0.0,14970.0,425,725
0.0,15194.0,169,726
0.0,15222.0,141,726
0.0,15251.0,151,726
0.0,15280.0,100,725
0.0,15308.0,49,725
0.0,15335.0,37,725
0.0,15362.0,0,726
0.0,15544.0,0,725
0.0,15570.0,0,725
0.0,15599.0,0,726
0.0,15626.0,0,725
0.0,15652.0,0,725
-8.0,15872.0,0,725
-8.0,15900.0,0,725
-8.0,15929.0,0,726
-8.0,15955.0,0,726
-8.0,15984.0,0,726
-8.0,16216.0,239,726
-8.0,16246.0,250,725
-8.0,16277.0,263,726
-8.0,16308.0,265,726
-8.0,16340.0,260,726
-8.0,16543.0,417,725
-8.0,16576.0,400,725
-8.0,16607.0,413,725
-8.0,16637.0,430,726
-8.0,16668.0,307,725
-8.0,16887.0,262,726
-8.0,16918.0,312,726
-8.0,16951.0,423,726
-8.0,16982.0,454,726
-8.0,17012.0,477,725
-8.0,17244.0,517,729
-8.0,17274.0,513,730
-8.0,17305.0,513,731
-8.0,17336.0,498,733
-8.0,17367.0,497,735
-8.0,17571.0,529,742
-8.0,17602.0,543,744
-8.0,17633.0,541,746
-8.0,17666.0,540,747
-8.0,17696.0,542,748
0.0,17913.0,222,755
0.0,17942.0,0,755
0.0,17969.0,0,756
0.0,17995.0,0,756
0.0,18024.0,0,757
0.0,18237.0,0,758
0.0,18266.0,0,758
0.0,18292.0,0,758
0.0,18319.0,0,758
0.0,18345.0,0,759
0.0,18581.0,0,759
0.0,18608.0,0,759
0.0,18636.0,0,760
0.0,18665.0,0,759
0.0,18692.0,0,759
0.0,18911.0,0,759
0.0,18937.0,0,759
0.0,18964.0,0,760
0.0,18993.0,0,760
0.0,19019.0,0,760
-8.0,19251.0,0,759
-8.0,19279.0,0,760
-8.0,19308.0,0,761
-8.0,19335.0,0,759
-8.0,19361.0,0,760
-8.0,19390.0,0,760
-8.0,19576.0,0,760
-8.0,19603.0,0,761
-8.0,19632.0,0,761
-8.0,19660.0,0,761
-8.0,19687.0,0,760
-8.0,19718.0,0,761
-8.0,19906.0,496,761
-8.0,19937.0,517,761
-8.0,19965.0,461,761
-8.0,19996.0,457,762
-8.0,20027.0,509,762
-8.0,20246.0,557,763
-8.0,20277.0,545,764
-8.0,20307.0,556,763
-8.0,20338.0,548,763
-8.0,20369.0,544,764
-8.0,20609.0,550,770
-8.0,20639.0,568,772
-8.0,20668.0,577,772
-8.0,20699.0,533,773
-8.0,20729.0,576,773
-8.0,20760.0,574,774
-8.0,20948.0,572,777
-8.0,20979.0,559,777
-8.0,21010.0,578,778
-8.0,21041.0,569,777
-8.0,21071.0,548,778
-8.0,21102.0,577,779
0.0,21284.0,347,780
0.0,21313.0,317,780
0.0,21346.0,163,781
0.0,21372.0,0,780
0.0,21399.0,0,780
0.0,21426.0,0,780
0.0,21635.0,0,780
0.0,21661.0,0,781
0.0,21688.0,0,781
0.0,21714.0,0,781
0.0,21741.0,0,781
0.0,21768.0,0,782
0.0,22024.0,0,781
0.0,22050.0,0,781
0.0,22077.0,0,781
0.0,22104.0,0,781
0.0,22130.0,0,781
0.0,22159.0,0,781
0.0,22413.0,0,782
0.0,22441.0,0,781
0.0,22468.0,0,781
0.0,22495.0,0,781
0.0,22521.0,0,781
0.0,22548.0,0,781
0.0,22781.0,0,781
0.0,22808.0,0,781
0.0,22835.0,0,781
0.0,22861.0,0,781
0.0,22890.0,0,781
0.0,22917.0,0,781
0.0,23144.0,0,781
0.0,23171.0,0,782
0.0,23199.0,0,781
0.0,23226.0,0,781
0.0,23252.0,0,781
0.0,23279.0,0,781
0.0,23504.0,0,781
0.0,23531.0,0,781
0.0,23558.0,0,782
0.0,23586.0,0,781
0.0,23613.0,0,782
0.0,23640.0,0,782
0.0,23863.0,0,782
0.0,23889.0,0,782
0.0,23918.0,0,781
0.0,23947.0,0,781
0.0,23973.0,0,782
-8.0,24217.0,0,782
-8.0,24248.0,0,781
-8.0,24276.0,0,781
-8.0,24305.0,0,782
-8.0,24334.0,0,782
-8.0,24559.0,0,782
-8.0,24588.0,0,783
-8.0,24616.0,0,782
-8.0,24645.0,0,782
-8.0,24674.0,0,782
-8.0,24700.0,0,782
-8.0,24899.0,0,782
-8.0,24930.0,13,783
-8.0,24961.0,267,782
-8.0,24993.0,305,782
-8.0,25024.0,332,783
-8.0,25231.0,436,783
-8.0,25262.0,447,783
-8.0,25292.0,455,782
-8.0,25323.0,452,783
-8.0,25354.0,451,783
-8.0,25579.0,496,789
-8.0,25610.0,446,791
-8.0,25640.0,501,793
-8.0,25671.0,487,793
-8.0,25704.0,468,795
-8.0,25735.0,504,795
-8.0,25956.0,499,798
-8.0,25989.0,507,799
-8.0,26019.0,508,798
-8.0,26050.0,506,799
-8.0,26083.0,473,799
0.0,26114.0,456,799
0.0,26327.0,0,799
0.0,26355.0,0,799
0.0,26384.0,0,799
0.0,26411.0,0,799
0.0,26439.0,0,799
0.0,26468.0,0,799
0.0,26718.0,0,800
0.0,26744.0,0,800
0.0,26775.0,0,799
0.0,26802.0,0,800
0.0,26830.0,0,800
0.0,26857.0,0,800
0.0,26886.0,0,800
0.0,26914.0,0,799
0.0,27084.0,0,799
0.0,27113.0,0,800
0.0,27140.0,0,800
0.0,27168.0,0,799
0.0,27197.0,0,800
0.0,27224.0,0,799
0.0,27252.0,0,800
0.0,27461.0,0,800
0.0,27492.0,0,800
0.0,27518.0,0,800
0.0,27545.0,0,800
0.0,27574.0,0,800
0.0,27602.0,0,800
-8.0,27842.0,0,800
-8.0,27869.0,0,800
-8.0,27899.0,0,800
-8.0,27928.0,0,799
-8.0,27955.0,0,799
-8.0,28190.0,0,799
-8.0,28219.0,0,799
-8.0,28248.0,0,800
-8.0,28276.0,0,800
-8.0,28305.0,0,800
-8.0,28332.0,0,799
0.0,28631.0,0,787
0.0,28659.0,0,787
0.0,28686.0,0,786
0.0,28715.0,0,787
0.0,28741.0,0,786
0.0,28770.0,0,785
0.0,29007.0,0,786
0.0,29034.0,0,785
0.0,29061.0,0,786
0.0,29087.0,1,787
0.0,29116.0,0,786
0.0,29143.0,0,786
0.0,29388.0,0,786
0.0,29415.0,0,787
0.0,29442.0,0,786
0.0,29468.0,0,786
0.0,29495.0,0,787
0.0,29782.0,0,787
0.0,29810.0,0,786
0.0,29839.0,0,786
0.0,29865.0,0,787
-8.0,29894.0,0,787
-8.0,30175.0,0,787
-8.0,30205.0,0,787
-8.0,30234.0,0,786
-8.0,30261.0,0,787
-8.0,30289.0,0,787
-8.0,30318.0,0,786
-8.0,30570.0,0,787
-8.0,30601.0,0,786
-8.0,30629.0,0,787
-8.0,30658.0,0,787
-8.0,30687.0,0,787
-8.0,30959.0,0,787
-8.0,30988.0,0,787
-8.0,31016.0,0,788
-8.0,31045.0,0,788
-8.0,31074.0,0,788
-8.0,31346.0,539,797
-8.0,31377.0,541,798
-8.0,31408.0,549,798
-8.0,31438.0,549,798
-8.0,31469.0,565,799
-8.0,31725.0,593,799
-8.0,31756.0,588,799
-8.0,31787.0,597,799
-8.0,31819.0,595,800
-8.0,31850.0,579,800
-8.0,32102.0,559,800
-8.0,32133.0,558,799
-8.0,32163.0,566,800
-8.0,32196.0,563,800
-8.0,32227.0,544,799
-8.0,32258.0,553,800
0.0,32475.0,528,801
0.0,32505.0,472,802
0.0,32536.0,451,802
0.0,32565.0,436,802
0.0,32593.0,442,803
0.0,32624.0,435,803
0.0,32878.0,0,804
0.0,32905.0,0,804
0.0,32933.0,0,804
0.0,32960.0,0,805
0.0,32989.0,0,805
0.0,33015.0,0,805
0.0,33042.0,0,805
0.0,33069.0,0,805
0.0,33095.0,0,805
0.0,33122.0,0,804
0.0,33148.0,0,805
0.0,33177.0,0,805
0.0,33204.0,0,805
0.0,33228.0,0,806
0.0,33310.0,0,806
0.0,33337.0,0,806
0.0,33363.0,0,806
0.0,33392.0,0,807
0.0,33419.0,0,806
0.0,33445.0,0,807
0.0,33472.0,0,806
0.0,33699.0,0,807
0.0,33728.0,0,806
0.0,33755.0,0,806
0.0,33781.0,0,806
0.0,33810.0,0,807
-8.0,33837.0,0,807
-8.0,34041.0,0,808
-8.0,34070.0,0,807
-8.0,34099.0,0,807
-8.0,34127.0,0,807
-8.0,34158.0,0,807
-8.0,34185.0,0,808
-8.0,34420.0,261,819
-8.0,34451.0,417,828
-8.0,34480.0,474,837
-8.0,34510.0,475,846
-8.0,34541.0,428,852
-8.0,34570.0,483,857
-8.0,34775.0,454,871
-8.0,34805.0,444,871
-8.0,34834.0,454,871
-8.0,34869.0,471,871
-8.0,34899.0,497,870
-8.0,35158.0,541,859
-8.0,35188.0,554,858
-8.0,35219.0,565,856
-8.0,35252.0,562,854
-8.0,35282.0,568,852
-8.0,35313.0,570,851
-8.0,35346.0,564,850
-8.0,35381.0,564,849
-8.0,35411.0,548,848
-8.0,35440.0,561,847
-8.0,35471.0,576,846
-8.0,35500.0,575,845
-8.0,35530.0,579,843
-8.0,35561.0,577,843
-8.0,35592.0,575,842
-8.0,35624.0,575,841
-8.0,35655.0,578,841
-8.0,35686.0,574,840
-8.0,35717.0,547,840
-8.0,35878.0,572,839
-8.0,35909.0,579,838
-8.0,35940.0,580,839
-8.0,35973.0,574,837
-8.0,36003.0,585,838
-8.0,36255.0,589,838
-8.0,36286.0,584,837
0.0,36315.0,580,837
0.0,36345.0,581,837
0.0,36374.0,588,838
0.0,36616.0,325,837
0.0,36644.0,252,837
0.0,36673.0,148,837
0.0,36702.0,167,837
0.0,36730.0,176,837
0.0,36966.0,204,837
0.0,36995.0,262,838
0.0,37023.0,355,838
0.0,37054.0,362,840
0.0,37083.0,317,840
0.0,37343.0,0,850
0.0,37369.0,0,851
0.0,37396.0,0,851
0.0,37429.0,0,851
0.0,37457.0,0,852
0.0,37715.0,0,853
0.0,37744.0,0,853
0.0,37773.0,0,853
-8.0,37799.0,0,853
-8.0,37828.0,0,852
-8.0,38107.0,0,853
-8.0,38135.0,0,854
-8.0,38164.0,0,852
-8.0,38193.0,0,853
-8.0,38221.0,0,853
-8.0,38475.0,141,850
-8.0,38506.0,186,846
-8.0,38537.0,193,844
-8.0,38569.0,222,842
-8.0,38600.0,309,839
-8.0,38811.0,448,822
-8.0,38842.0,498,818
-8.0,38875.0,518,816
-8.0,38905.0,545,814
-8.0,38936.0,560,811
-8.0,39147.0,575,801
0.0,39178.0,559,802
0.0,39208.0,563,800
0.0,39237.0,488,800
0.0,39268.0,389,800
0.0,39456.0,0,800
0.0,39485.0,0,800
0.0,39512.0,0,800
0.0,39540.0,0,800
0.0,39569.0,0,800
0.0,39800.0,0,800
0.0,39829.0,0,801
0.0,39856.0,0,800
0.0,39882.0,0,802
0.0,39909.0,0,801
0.0,40126.0,0,802
0.0,40155.0,0,803
0.0,40183.0,0,802
0.0,40212.0,0,803
0.0,40241.0,0,803
0.0,40476.0,0,803
0.0,40503.0,0,802
0.0,40531.0,0,803
0.0,40558.0,0,804
0.0,40587.0,0,804
-8.0,40828.0,0,803
-8.0,40857.0,0,803
-8.0,40886.0,0,804
-8.0,40914.0,0,803
0.0,40943.0,0,803
0.0,41172.0,0,804
0.0,41201.0,0,804
0.0,41230.0,0,804
0.0,41259.0,0,804
0.0,41287.0,0,804
0.0,41494.0,0,804
0.0,41521.0,0,805
0.0,41549.0,0,804
0.0,41578.0,0,805
0.0,41607.0,0,804
0.0,41824.0,0,805
0.0,41852.0,0,805
0.0,41881.0,0,805
0.0,41910.0,0,805
0.0,41936.0,0,805
0.0,42170.0,0,804
0.0,42199.0,0,804
0.0,42227.0,0,805
0.0,42254.0,0,805
0.0,42283.0,0,805
-8.0,42493.0,0,804
-8.0,42522.0,0,804
-8.0,42551.0,0,805
-8.0,42579.0,0,804
-8.0,42608.0,0,805
-8.0,42833.0,0,804
-8.0,42864.0,0,804
-8.0,42893.0,0,805
-8.0,42919.0,0,805
-8.0,42948.0,0,805
-8.0,43163.0,0,805
-8.0,43192.0,0,804
-8.0,43220.0,0,805
-8.0,43249.0,0,805
-8.0,43278.0,0,805
-8.0,43505.0,0,805
-8.0,43534.0,0,806
-8.0,43563.0,0,805
-8.0,43591.0,0,805
-8.0,43622.0,115,804
-8.0,43835.0,440,788
-8.0,43866.0,476,785
-8.0,43896.0,462,784
-8.0,43929.0,449,781
-8.0,43960.0,452,780
-8.0,44210.0,505,769
-8.0,44240.0,480,768
-8.0,44271.0,386,767
-8.0,44300.0,386,767
-8.0,44331.0,387,767
0.0,44548.0,0,762
0.0,44589.0,0,761
0.0,44615.0,0,762
0.0,44644.0,0,762
0.0,44673.0,0,761
0.0,44912.0,0,762
0.0,44941.0,0,761
0.0,44967.0,0,762
0.0,44996.0,0,762
0.0,45023.0,0,762
0.0,45283.0,0,762
0.0,45309.0,0,762
0.0,45338.0,0,762
0.0,45365.0,0,762
0.0,45393.0,0,762
0.0,45656.0,0,762
0.0,45682.0,0,763
0.0,45709.0,0,762
0.0,45735.0,0,763
0.0,45762.0,0,763
-8.0,45993.0,0,763
-8.0,46022.0,0,763
-8.0,46051.0,0,763
-8.0,46077.0,0,762
-8.0,46106.0,0,763
-8.0,46323.0,0,763
-8.0,46350.0,0,763
-8.0,46379.0,0,763
-8.0,46407.0,0,762
-8.0,46436.0,0,763
-8.0,46665.0,0,762
-8.0,46694.0,0,763
-8.0,46723.0,0,763
-8.0,46749.0,0,763
-8.0,46778.0,0,763
-8.0,46993.0,0,763
-8.0,47020.0,0,763
-8.0,47048.0,0,763
-8.0,47077.0,0,763
-8.0,47106.0,67,763
-8.0,47335.0,528,757
-8.0,47366.0,535,757
-8.0,47396.0,539,756
-8.0,47425.0,556,756
-8.0,47456.0,540,756
-8.0,47675.0,551,755
-8.0,47706.0,540,756
-8.0,47734.0,556,756
-8.0,47765.0,551,756
-8.0,47794.0,555,756
-8.0,47990.0,550,757
-8.0,48021.0,557,758
-8.0,48050.0,558,757
-8.0,48080.0,556,757
-8.0,48111.0,555,758
0.0,48334.0,535,757
0.0,48363.0,537,757
0.0,48392.0,530,757
0.0,48420.0,531,757
0.0,48449.0,514,757
0.0,48656.0,28,758
0.0,48683.0,0,758
0.0,48709.0,0,757
0.0,48738.0,0,758
0.0,48764.0,0,758
0.0,49000.0,0,759
0.0,49027.0,0,759
0.0,49053.0,0,759
0.0,49082.0,0,758
0.0,49108.0,0,758
0.0,49328.0,0,759
0.0,49354.0,0,759
0.0,49381.0,0,759
0.0,49408.0,0,759
0.0,49434.0,0,759
-8.0,49672.0,0,759
-8.0,49700.0,0,759
-8.0,49727.0,0,759
-8.0,49756.0,0,759
-8.0,49784.0,0,759
-8.0,49997.0,0,759
-8.0,50026.0,0,760
-8.0,50055.0,0,760
-8.0,50081.0,0,760
-8.0,50110.0,0,761
0.0,50337.0,0,761
0.0,50364.0,0,760
0.0,50391.0,0,761
0.0,50417.0,0,761
0.0,50446.0,1,761
0.0,50653.0,0,762
0.0,50679.0,0,762
0.0,50706.0,0,762
0.0,50733.0,0,762
0.0,50759.0,0,763
0.0,50997.0,0,763
0.0,51023.0,0,762
0.0,51052.0,0,763
0.0,51079.0,0,763
0.0,51105.0,0,762
0.0,51320.0,0,763
0.0,51347.0,0,763
0.0,51374.0,0,764
0.0,51400.0,0,763
0.0,51429.0,0,763
-8.0,51664.0,0,763
-8.0,51693.0,0,763
-8.0,51720.0,0,763
-8.0,51748.0,0,763
-8.0,51775.0,0,763
-8.0,51990.0,0,763
-8.0,52019.0,0,763
-8.0,52047.0,0,764
-8.0,52074.0,0,763
-8.0,52103.0,0,763
-8.0,52359.0,0,763
-8.0,52387.0,0,763
-8.0,52416.0,0,763
-8.0,52443.0,0,764
-8.0,52471.0,0,764
-8.0,52662.0,0,764
-8.0,52688.0,0,763
-8.0,52717.0,0,764
-8.0,52744.0,0,764
-8.0,52772.0,0,764
0.0,52985.0,0,764
0.0,53014.0,0,763
0.0,53041.0,0,764
0.0,53067.0,0,764
0.0,53094.0,0,764
0.0,53327.0,0,764
0.0,53354.0,0,765
0.0,53381.0,0,764
0.0,53407.0,0,764
0.0,53434.0,0,764
0.0,53657.0,0,764
0.0,53684.0,0,765
0.0,53714.0,0,765
0.0,53741.0,0,764
0.0,53768.0,0,765
0.0,53997.0,0,765
0.0,54024.0,0,765
0.0,54050.0,0,765
0.0,54077.0,0,765
0.0,54106.0,0,765
0.0,54329.0,0,765
0.0,54355.0,0,765
-8.0,54382.0,0,765
-8.0,54409.0,0,765
-8.0,54437.0,0,765
-8.0,54665.0,0,765
-8.0,54693.0,0,765
-8.0,54722.0,0,765
-8.0,54749.0,0,765
-8.0,54777.0,0,765
-8.0,54994.0,0,765
-8.0,55023.0,0,766
-8.0,55052.0,0,766
-8.0,55078.0,0,766
-8.0,55107.0,302,767
-8.0,55339.0,516,777
-8.0,55367.0,528,776
-8.0,55398.0,513,777
-8.0,55427.0,528,778
0.0,55457.0,544,777
0.0,55664.0,0,779
0.0,55691.0,0,779
0.0,55717.0,0,779
0.0,55744.0,0,779
0.0,55771.0,0,779
0.0,56045.0,0,781
0.0,56070.0,0,781
0.0,56098.0,0,781
0.0,56125.0,0,781
0.0,56152.0,0,781
0.0,56418.0,0,783
0.0,56444.0,0,783
0.0,56471.0,0,783
0.0,56498.0,0,783
0.0,56524.0,0,783
0.0,56821.0,0,784
0.0,56848.0,0,783
0.0,56875.0,0,784
0.0,56901.0,0,784
0.0,56928.0,0,784
-8.0,57196.0,0,784
-8.0,57223.0,0,785
-8.0,57251.0,0,783
-8.0,57280.0,0,785
-8.0,57307.0,0,784
-8.0,57577.0,0,784
-8.0,57606.0,0,784
-8.0,57634.0,0,784
-8.0,57661.0,0,784
-8.0,57690.0,0,784
-8.0,57970.0,0,784
-8.0,57997.0,0,783
-8.0,58025.0,0,784
-8.0,58052.0,0,785
-8.0,58081.0,0,784
-8.0,58345.0,0,784
-8.0,58372.0,0,785
-8.0,58400.0,0,784
-8.0,58427.0,0,785
-8.0,58456.0,0,784
-8.0,58724.0,560,789
-8.0,58753.0,546,788
-8.0,58783.0,558,789
-8.0,58816.0,560,789
-8.0,58845.0,553,789
-8.0,59099.0,577,789
-8.0,59127.0,584,790
-8.0,59158.0,572,790
-8.0,59189.0,582,790
-8.0,59217.0,586,790
0.0,59471.0,545,789
0.0,59500.0,514,790
0.0,59527.0,379,790
0.0,59555.0,262,789
0.0,59584.0,18,789
0.0,59887.0,0,790
0.0,59914.0,0,790
0.0,59940.0,0,790
0.0,59969.0,0,789
0.0,59996.0,0,790
0.0,60262.0,0,790
0.0,60289.0,0,789
0.0,60317.0,0,790
0.0,60344.0,0,790
0.0,60370.0,0,790
0.0,60637.0,0,790
0.0,60663.0,0,790
0.0,60690.0,0,790
0.0,60717.0,0,790
0.0,60743.0,0,790
-8.0,60989.0,0,791
-8.0,61016.0,0,790
-8.0,61044.0,0,790
-8.0,61071.0,0,790
-8.0,61100.0,0,790
-8.0,61323.0,0,790
-8.0,61349.0,0,790
-8.0,61378.0,0,790
-8.0,61405.0,0,789
-8.0,61433.0,0,789
-8.0,61743.0,547,783
-8.0,61773.0,550,781
-8.0,61802.0,544,779
-8.0,61833.0,552,779
-8.0,61863.0,548,777
-8.0,62097.0,433,775
-8.0,62126.0,371,775
-8.0,62156.0,469,775
-8.0,62187.0,351,775
-8.0,62218.0,387,776
0.0,62427.0,0,776
0.0,62453.0,0,775
0.0,62480.0,0,776
0.0,62507.0,0,775
0.0,62535.0,0,775
0.0,62777.0,0,776
0.0,62806.0,0,776
0.0,62832.0,0,777
0.0,62859.0,0,777
0.0,62885.0,0,777
0.0,63090.0,0,777
0.0,63117.0,0,777
0.0,63143.0,0,777
0.0,63172.0,0,777
0.0,63199.0,0,776
0.0,63432.0,0,778
0.0,63459.0,0,778
0.0,63485.0,0,777
0.0,63512.0,0,777
0.0,63539.0,0,777
0.0,63746.0,0,776
-8.0,63774.0,0,777
-8.0,63803.0,0,777
-8.0,63832.0,0,778
-8.0,63858.0,0,777
-8.0,64118.0,0,778
-8.0,64147.0,0,777
-8.0,64174.0,0,777
-8.0,64202.0,0,777
-8.0,64231.0,0,778
0.0,64458.0,0,777
0.0,64485.0,0,777
0.0,64514.0,0,778
0.0,64540.0,0,778
0.0,64567.0,0,777
0.0,64792.0,0,777
0.0,64821.0,0,778
0.0,64847.0,0,778
0.0,64874.0,0,778
0.0,64901.0,0,777
0.0,65130.0,0,777
0.0,65157.0,0,778
0.0,65183.0,0,777
0.0,65210.0,0,777
0.0,65236.0,0,777
0.0,65509.0,0,777
0.0,65536.0,0,777
0.0,65562.0,0,777
0.0,65591.0,0,777
0.0,65617.0,0,777
0.0,65865.0,0,777
0.0,65892.0,0,777
0.0,65921.0,0,778
0.0,65947.0,0,777
-8.0,65974.0,0,777
-8.0,66217.0,0,777
-8.0,66246.0,0,777
-8.0,66275.0,0,777
-8.0,66304.0,0,777
-8.0,66332.0,0,777
-8.0,66562.0,0,778
-8.0,66590.0,0,777
-8.0,66619.0,0,777
-8.0,66648.0,0,777
-8.0,66676.0,0,777
-8.0,66887.0,0,778
-8.0,66916.0,0,777
-8.0,66945.0,0,777
-8.0,66971.0,0,777
-8.0,67000.0,0,778
0.0,67217.0,0,777
0.0,67244.0,0,778
0.0,67272.0,0,777
0.0,67299.0,0,777
0.0,67325.0,0,777
0.0,67565.0,0,777
0.0,67592.0,0,777
0.0,67618.0,0,777
0.0,67645.0,0,778
0.0,67672.0,0,777
0.0,67899.0,0,777
0.0,67926.0,0,778
0.0,67954.0,0,777
0.0,67981.0,0,777
0.0,68007.0,0,778
0.0,68257.0,0,777
0.0,68284.0,0,777
0.0,68315.0,0,777
0.0,68341.0,0,777
0.0,68368.0,0,778
-8.0,68587.0,0,777
-8.0,68614.0,0,777
-8.0,68642.0,0,778
-8.0,68671.0,0,777
-8.0,68700.0,0,777
-8.0,68931.0,0,777
-8.0,68960.0,0,778
-8.0,68986.0,0,778
-8.0,69013.0,0,777
-8.0,69042.0,0,777
-8.0,69287.0,0,778
-8.0,69314.0,0,778
-8.0,69343.0,0,777
-8.0,69371.0,0,778
-8.0,69400.0,0,777
-8.0,69629.0,0,778
-8.0,69660.0,0,777
-8.0,69687.0,0,778
-8.0,69715.0,0,778
-8.0,69746.0,0,777
-8.0,69996.0,0,777
-8.0,70025.0,1,778
-8.0,70053.0,0,777
-8.0,70082.0,0,777
0.0,70111.0,207,776
0.0,70348.0,0,740
0.0,70375.0,0,738
0.0,70402.0,0,737
0.0,70430.0,0,734
0.0,70457.0,0,734
0.0,70692.0,0,731
0.0,70721.0,0,731
0.0,70748.0,0,731
0.0,70774.0,0,730
0.0,70801.0,0,731
0.0,71014.0,0,730
0.0,71041.0,0,730
0.0,71067.0,0,730
0.0,71096.0,0,730
0.0,71122.0,0,730
0.0,71356.0,0,730
0.0,71383.0,0,730
0.0,71409.0,0,730
0.0,71438.0,0,730
0.0,71464.0,0,730
-8.0,71688.0,0,731
-8.0,71714.0,0,731
-8.0,71743.0,0,730
-8.0,71770.0,0,730
-8.0,71798.0,0,731
-8.0,72019.0,0,730
-8.0,72046.0,0,730
-8.0,72075.0,0,731
-8.0,72101.0,0,731
-8.0,72130.0,0,731
-8.0,72353.0,0,732
-8.0,72380.0,0,731
-8.0,72409.0,0,731
-8.0,72435.0,0,731
-8.0,72464.0,0,732
-8.0,72683.0,0,732
-8.0,72710.0,0,733
-8.0,72738.0,1,733
-8.0,72767.0,0,733
-8.0,72794.0,0,733
-8.0,73062.0,530,738
-8.0,73091.0,542,738
-8.0,73121.0,544,739
-8.0,73152.0,547,739
-8.0,73181.0,556,740
0.0,73404.0,516,741
0.0,73435.0,438,741
0.0,73463.0,331,743
0.0,73490.0,266,742
0.0,73519.0,174,742
0.0,73723.0,2,743
0.0,73750.0,1,743
0.0,73777.0,0,743
0.0,73803.0,1,743
0.0,73832.0,2,743
0.0,74078.0,0,745
0.0,74104.0,0,745
0.0,74131.0,0,744
0.0,74158.0,0,745
0.0,74184.0,0,745
0.0,74407.0,0,744
0.0,74434.0,0,745
0.0,74463.0,0,745
0.0,74489.0,0,745
0.0,74516.0,0,745
0.0,74749.0,0,745
0.0,74780.0,0,745
-8.0,74807.0,0,745
-8.0,74835.0,0,745
-8.0,74862.0,0,745
-8.0,75100.0,401,746
-8.0,75128.0,354,747
-8.0,75159.0,337,748
-8.0,75190.0,336,748
-8.0,75218.0,369,749
-8.0,75427.0,537,750
-8.0,75458.0,564,750
-8.0,75487.0,580,749
-8.0,75517.0,593,749
-8.0,75546.0,599,749
0.0,75782.0,606,744
0.0,75810.0,607,743
0.0,75839.0,623,743
0.0,75868.0,613,743
0.0,75896.0,616,743
0.0,76126.0,454,741
0.0,76156.0,368,741
0.0,76185.0,326,741
0.0,76214.0,269,741
0.0,76240.0,171,741
0.0,76447.0,0,742
0.0,76474.0,0,741
0.0,76500.0,0,741
0.0,76525.0,0,741
0.0,76552.0,0,740
0.0,76791.0,0,742
0.0,76818.0,0,741
0.0,76847.0,0,741
0.0,76873.0,0,742
0.0,76902.0,0,741
0.0,77121.0,0,742
0.0,77148.0,0,741
0.0,77174.0,0,741
0.0,77203.0,0,741
-8.0,77232.0,0,741
-8.0,77488.0,169,742
-8.0,77518.0,420,742
-8.0,77549.0,496,744
-8.0,77580.0,501,744
-8.0,77611.0,509,746
-8.0,77821.0,542,751
-8.0,77852.0,538,752
-8.0,77883.0,561,752
-8.0,77914.0,566,753
-8.0,77944.0,569,754
-8.0,78170.0,574,760
-8.0,78198.0,566,761
-8.0,78229.0,566,762
-8.0,78260.0,565,762
-8.0,78288.0,560,763
-8.0,78522.0,558,770
-8.0,78551.0,570,771
-8.0,78581.0,577,772
-8.0,78610.0,580,773
-8.0,78641.0,576,773
-8.0,78899.0,556,782
-8.0,78929.0,572,783
-8.0,78960.0,579,782
-8.0,78991.0,583,783
-8.0,79024.0,593,784
-8.0,79253.0,578,785
-8.0,79284.0,597,786
-8.0,79314.0,593,786
-8.0,79345.0,559,785
-8.0,79378.0,551,785
0.0,79626.0,520,785
0.0,79656.0,560,786
0.0,79685.0,457,786
0.0,79716.0,324,786
0.0,79745.0,99,786
0.0,79958.0,0,786
0.0,79986.0,0,786
0.0,80013.0,0,786
0.0,80041.0,0,786
0.0,80068.0,0,785
0.0,80314.0,0,786
0.0,80340.0,0,786
0.0,80367.0,0,785
0.0,80394.0,0,786
0.0,80420.0,0,786
0.0,80652.0,0,786
0.0,80678.0,0,786
0.0,80705.0,0,786
0.0,80732.0,0,786
0.0,80760.0,0,786
0.0,80979.0,0,786
0.0,81006.0,0,786
0.0,81033.0,0,787
0.0,81059.0,0,786
0.0,81086.0,0,786
-8.0,81317.0,0,786
-8.0,81346.0,0,786
-8.0,81373.0,0,786
-8.0,81401.0,0,786
-8.0,81430.0,0,786
-8.0,81678.0,0,786
-8.0,81707.0,0,786
-8.0,81735.0,99,785
-8.0,81766.0,205,784
-8.0,81797.0,348,780
-8.0,82010.0,558,759
-8.0,82040.0,554,758
-8.0,82071.0,522,757
-8.0,82102.0,520,756
-8.0,82130.0,510,755
0.0,82350.0,489,757
0.0,82378.0,469,759
0.0,82407.0,440,760
0.0,82436.0,402,761
0.0,82464.0,328,760
0.0,82679.0,246,765
0.0,82710.0,253,765
0.0,82739.0,257,765
0.0,82767.0,237,766
0.0,82798.0,255,765
0.0,83015.0,276,767
0.0,83044.0,280,767
0.0,83073.0,288,768
0.0,83101.0,287,768
0.0,83130.0,290,767
0.0,83345.0,0,768
0.0,83372.0,0,768
0.0,83398.0,0,767
0.0,83427.0,0,768
0.0,83453.0,0,768
0.0,83726.0,0,767
0.0,83752.0,0,768
-8.0,83781.0,0,768
-8.0,83810.0,0,768
-8.0,83836.0,0,768
-8.0,84094.0,0,767
-8.0,84121.0,0,768
-8.0,84150.0,0,768
-8.0,84176.0,0,768
-8.0,84205.0,0,768
-8.0,84436.0,0,768
-8.0,84463.0,0,768
-8.0,84492.0,0,768
-8.0,84520.0,0,768
-8.0,84547.0,0,769
-8.0,84779.0,0,768
-8.0,84807.0,0,768
-8.0,84836.0,0,769
-8.0,84862.0,0,769
-8.0,84891.0,0,769
-8.0,85121.0,0,769
-8.0,85147.0,0,768
-8.0,85176.0,0,766
-8.0,85202.0,0,764
-8.0,85233.0,137,761
-8.0,85481.0,109,732
0.0,85512.0,113,730
0.0,85538.0,143,729
0.0,85565.0,0,728
0.0,85594.0,0,726
